<?xml version="1.0" encoding="UTF-8"?>
<project-private xmlns="http://www.netbeans.org/ns/project-private/1">
    <editor-bookmarks xmlns="http://www.netbeans.org/ns/editor-bookmarks/2" lastBookmarkId="0"/>
    <open-files xmlns="http://www.netbeans.org/ns/projectui-open-files/2">
        <group name="Desarrollo_Interfaces">
            <file>file:/D:/NetBeansProjects/DIAct1_2%20e/src/diact1_2/e/Principal.java</file>
            <file>file:/D:/NetBeansProjects/DIAct1_2%20e/src/diact1_2/e/JFrameAlumno.java</file>
            <file>file:/D:/NetBeansProjects/DIAct1_2%20e/src/diact1_2/e/Alumno.java</file>
        </group>
    </open-files>
</project-private>
